cell_id	cluster
Lib90_00000	0
Lib90_00001	0
Lib90_00002	1
Lib90_00003	0
Lib90_00004	0
Lib90_00005	0
Lib90_00006	2
Lib90_00007	2
Lib90_00008	0
Lib90_00009	0
Lib90_00010	1
Lib90_00011	1
Lib90_00012	0
Lib90_00013	0
Lib90_00014	0
Lib90_00015	0
Lib90_00016	0
Lib90_00017	2
Lib90_00018	0
Lib90_00019	0
Lib90_00020	3
Lib90_00021	0
Lib90_00022	0
Lib90_00023	4
Lib90_00024	1
Lib90_00025	0
Lib90_00026	2
Lib90_00027	2
Lib90_00028	0
Lib90_00029	0
Lib90_00030	2
Lib90_00031	0
Lib90_00032	0
Lib90_00033	0
Lib90_00034	0
Lib90_00035	4
Lib90_00036	0
Lib90_00037	5
Lib90_00038	0
Lib90_00039	0
Lib90_00040	0
Lib90_00041	4
Lib90_00042	0
Lib90_00043	0
Lib90_00044	0
Lib90_00045	0
Lib90_00046	3
Lib90_00047	0
Lib90_00048	0
Lib90_00049	0
Lib90_00050	0
Lib90_00051	0
Lib90_00052	2
Lib90_00053	2
Lib90_00054	0
Lib90_00055	2
Lib90_00056	1
Lib90_00057	1
Lib90_00058	0
Lib90_00059	0
Lib90_00060	0
Lib90_00061	0
Lib90_00062	5
Lib90_00063	0
Lib90_00064	0
Lib90_00065	0
Lib90_00066	0
Lib90_00067	5
Lib90_00068	0
Lib90_00069	0
Lib90_00070	1
Lib90_00071	0
Lib90_00072	0
Lib90_00073	2
Lib90_00074	2
Lib90_00075	0
Lib90_00076	0
Lib90_00077	0
Lib90_00078	1
Lib90_00079	6
Lib90_00080	2
Lib90_00081	0
Lib90_00082	2
Lib90_00083	0
Lib90_00084	0
Lib90_00085	0
Lib90_00086	0
Lib90_00087	0
Lib90_00088	1
Lib90_00089	0
Lib90_00090	2
Lib90_00091	0
Lib90_00092	5
Lib90_00093	0
Lib90_00094	5
Lib90_00095	2
Lib90_00096	2
Lib90_00097	2
Lib90_00098	0
Lib90_00099	1
Lib90_00100	7
Lib90_00101	7
Lib90_00102	0
Lib90_00103	0
Lib90_00104	6
Lib90_00105	1
Lib90_00106	1
Lib90_00107	2
Lib90_00108	2
Lib90_00109	0
Lib90_00110	0
Lib90_00111	6
Lib90_00112	1
Lib90_00113	0
Lib90_00114	1
Lib90_00115	0
Lib90_00116	5
Lib90_00117	1
Lib90_00118	8
Lib90_00119	0
Lib90_00120	5
Lib90_00121	0
Lib90_00122	5
Lib90_00123	1
Lib90_00124	2
Lib90_00125	0
Lib90_00126	3
Lib90_00127	2
Lib90_00128	0
Lib90_00129	0
Lib90_00130	6
Lib90_00131	1
Lib90_00132	2
Lib90_00133	0
Lib90_00134	4
Lib90_00135	0
Lib90_00136	2
Lib90_00137	1
Lib90_00138	1
Lib90_00139	1
Lib90_00140	0
Lib90_00141	1
Lib90_00142	6
Lib90_00143	0
Lib90_00144	4
Lib90_00145	0
Lib90_00146	1
Lib90_00147	0
Lib90_00148	7
Lib90_00149	0
Lib90_00150	5
Lib90_00151	1
Lib90_00152	2
Lib90_00153	0
Lib90_00154	1
Lib90_00155	1
Lib90_00156	3
Lib90_00157	9
Lib90_00158	5
Lib90_00159	1
Lib90_00160	9
Lib90_00161	6
Lib90_00162	0
Lib90_00163	0
Lib90_00164	0
Lib90_00165	6
Lib90_00166	0
Lib90_00167	1
Lib90_00168	0
Lib90_00169	1
Lib90_00170	5
Lib90_00171	2
Lib90_00172	1
Lib90_00173	2
Lib90_00174	0
Lib90_00175	7
Lib90_00176	4
Lib90_00177	1
Lib90_00178	2
Lib90_00179	2
Lib90_00180	1
Lib90_00181	1
Lib90_00182	4
Lib90_00183	1
Lib90_00184	0
Lib90_00185	6
Lib90_00186	2
Lib90_00187	1
Lib90_00188	1
Lib90_00189	9
Lib90_00190	1
Lib90_00191	0
Lib90_00192	0
Lib90_00193	6
Lib90_00194	0
Lib90_00195	3
Lib90_00196	6
Lib90_00197	0
Lib90_00198	6
Lib90_00199	0
Lib90_00200	8
Lib90_00201	0
Lib90_00202	2
Lib90_00203	1
Lib90_00204	0
Lib90_00205	1
Lib90_00206	5
Lib90_00207	1
Lib90_00208	0
Lib90_00209	0
Lib90_00210	0
Lib90_00211	7
Lib90_00212	0
Lib90_00213	5
Lib90_00214	2
Lib90_00215	0
Lib90_00216	6
Lib90_00217	2
Lib90_00219	7
Lib90_00220	0
Lib90_00221	0
Lib90_00222	4
Lib90_00223	1
Lib90_00224	0
Lib90_00225	0
Lib90_00226	0
Lib90_00227	0
Lib90_00228	5
Lib90_00229	2
Lib90_00231	2
Lib90_00232	0
Lib90_00233	0
Lib90_00234	4
Lib90_00235	1
Lib90_00236	2
Lib90_00237	2
Lib90_00238	5
Lib90_00239	1
Lib90_00240	0
Lib90_00241	6
Lib90_00242	7
Lib90_00243	5
Lib90_00244	7
Lib90_00245	7
Lib90_00246	0
Lib90_00247	2
Lib90_00248	4
Lib90_00249	0
Lib90_00250	1
Lib90_00251	2
Lib90_00252	3
Lib90_00253	5
Lib90_00254	7
Lib90_00255	7
Lib90_00256	0
Lib90_00257	3
Lib90_00259	1
Lib90_00260	0
Lib90_00261	1
Lib90_00262	0
Lib90_00263	0
Lib90_00264	3
Lib90_00265	0
Lib90_00266	1
Lib90_00267	1
Lib90_00268	1
Lib90_00269	0
Lib90_00270	6
Lib90_00271	2
Lib90_00272	0
Lib90_00273	0
Lib90_00274	4
Lib90_00275	1
Lib90_00276	0
Lib90_00277	5
Lib90_00278	2
Lib90_00279	1
Lib90_00280	3
Lib90_00281	6
Lib90_00282	6
Lib90_00283	1
Lib90_00284	1
Lib90_00285	0
Lib90_00286	0
Lib90_00287	1
Lib90_00288	6
Lib90_00289	0
Lib90_00290	2
Lib90_00291	3
Lib90_00292	0
Lib90_00293	6
Lib90_00294	3
Lib90_00295	6
Lib90_00296	8
Lib90_00297	2
Lib90_00298	0
Lib90_00299	0
Lib90_00300	2
Lib90_00301	5
Lib90_00302	0
Lib90_00303	1
Lib90_00304	1
Lib90_00305	5
Lib90_00306	5
Lib90_00307	3
Lib90_00308	6
Lib90_00309	1
Lib90_00310	6
Lib90_00311	9
Lib90_00312	9
Lib90_00313	0
Lib90_00314	0
Lib90_00315	1
Lib90_00316	0
Lib90_00317	0
Lib90_00318	5
Lib90_00319	5
Lib90_00320	0
Lib90_00321	6
Lib90_00322	5
Lib90_00323	3
Lib90_00324	0
Lib90_00325	1
Lib90_00326	6
Lib90_00327	5
Lib90_00328	6
Lib90_00329	0
Lib90_00330	1
Lib90_00331	1
Lib90_00332	1
Lib90_00333	7
Lib90_00334	0
Lib90_00335	8
Lib90_00336	1
Lib90_00337	1
Lib90_00338	0
Lib90_00339	6
Lib90_00340	7
Lib90_00341	0
Lib90_00342	7
Lib90_00344	3
Lib90_00345	1
Lib90_00346	7
Lib90_00347	0
Lib90_00348	9
Lib90_00349	3
Lib90_00350	1
Lib90_00351	3
Lib90_00352	1
Lib90_00353	8
Lib90_00354	9
Lib90_00355	1
Lib90_00356	1
Lib90_00357	2
Lib90_00358	2
Lib90_00359	6
Lib90_00360	1
Lib90_00361	1
Lib90_00362	1
Lib90_00363	0
Lib90_00364	2
Lib90_00365	2
Lib90_00366	2
Lib90_00367	1
Lib90_00368	0
Lib90_00369	1
Lib90_00370	0
Lib90_00371	0
Lib90_00372	0
Lib90_00373	3
Lib90_00374	5
Lib90_00375	1
Lib90_00376	8
Lib90_00377	0
Lib90_00378	5
Lib90_00379	2
Lib90_00380	1
Lib90_00381	1
Lib90_00382	2
Lib90_00383	0
Lib90_00384	1
Lib90_00385	7
Lib90_00386	1
Lib90_00387	1
Lib90_00388	9
Lib90_00389	0
Lib90_00390	1
Lib90_00391	2
Lib90_00392	2
Lib90_00393	2
Lib90_00394	2
Lib90_00395	1
Lib90_00396	5
Lib90_00397	1
Lib90_00398	3
Lib90_00399	1
Lib90_00400	6
Lib90_00401	1
Lib90_00402	3
Lib90_00403	0
Lib90_00404	11
Lib90_00405	0
Lib90_00406	6
Lib90_00407	1
Lib90_00408	3
Lib90_00409	1
Lib90_00410	2
Lib90_00411	1
Lib90_00412	1
Lib90_00413	0
Lib90_00414	3
Lib90_00415	1
Lib90_00416	1
Lib90_00417	6
Lib90_00418	2
Lib90_00419	5
Lib90_00420	0
Lib90_00421	3
Lib90_00422	1
Lib90_00423	2
Lib90_00424	3
Lib90_00425	1
Lib90_00426	1
Lib90_00427	7
Lib90_00428	1
Lib90_00429	3
Lib90_00430	5
Lib90_00431	7
Lib90_00432	3
Lib90_00433	6
Lib90_00434	7
Lib90_00435	6
Lib90_00436	5
Lib90_00437	1
Lib90_00438	6
Lib90_00439	2
Lib90_00440	5
Lib90_00441	6
Lib90_00442	0
Lib90_00443	0
Lib90_00444	7
Lib90_00445	0
Lib90_00446	3
Lib90_00447	0
Lib90_00448	0
Lib90_00449	1
Lib90_00450	5
Lib90_00451	3
Lib90_00452	6
Lib90_00453	5
Lib90_00454	1
Lib90_00455	1
Lib90_00456	11
Lib90_00457	3
Lib90_00458	7
Lib90_00459	4
Lib90_00460	3
Lib90_00461	0
Lib90_00462	2
Lib90_00463	5
Lib90_00464	3
Lib90_00465	9
Lib90_00466	1
Lib90_00467	0
Lib90_00468	7
Lib90_00469	3
Lib90_00470	1
Lib90_00471	2
Lib90_00472	2
Lib90_00473	3
Lib90_00474	5
Lib90_00475	2
Lib90_00476	7
Lib90_00477	3
Lib90_00478	0
Lib90_00479	1
Lib90_00480	1
Lib90_00481	1
Lib90_00482	1
Lib90_00483	7
Lib90_00484	2
Lib90_00485	1
Lib90_00486	2
Lib90_00487	1
Lib90_00488	3
Lib90_00489	1
Lib90_00490	5
Lib90_00491	2
Lib90_00492	3
Lib90_00493	1
Lib90_00494	0
Lib90_00495	4
Lib90_00496	1
Lib90_00497	1
Lib90_00498	0
Lib90_00499	1
Lib90_00500	1
Lib90_00501	1
Lib90_00502	1
Lib90_00503	1
Lib90_00504	7
Lib90_00505	1
Lib90_00506	1
Lib90_00507	0
Lib90_00508	9
Lib90_00509	1
Lib90_00510	5
Lib90_00511	1
Lib90_00512	0
Lib90_00513	9
Lib90_00514	3
Lib90_00515	0
Lib90_00516	6
Lib90_00517	6
Lib90_00518	0
Lib90_00519	1
Lib90_00520	0
Lib90_00521	5
Lib90_00522	2
Lib90_00523	2
Lib90_00524	6
Lib90_00525	3
Lib90_00526	1
Lib90_00527	1
Lib90_00528	0
Lib90_00529	7
Lib90_00530	3
Lib90_00531	1
Lib90_00532	3
Lib90_00533	1
Lib90_00534	0
Lib90_00535	0
Lib90_00536	9
Lib90_00537	2
Lib90_00538	1
Lib90_00539	7
Lib90_00540	9
Lib90_00541	2
Lib90_00542	0
Lib90_00543	0
Lib90_00544	5
Lib90_00545	0
Lib90_00546	1
Lib90_00547	5
Lib90_00548	2
Lib90_00549	7
Lib90_00550	2
Lib90_00551	1
Lib90_00552	0
Lib90_00553	8
Lib90_00554	0
Lib90_00555	6
Lib90_00556	2
Lib90_00557	5
Lib90_00558	6
Lib90_00559	0
Lib90_00560	2
Lib90_00561	0
Lib90_00562	4
Lib90_00563	0
Lib90_00564	3
Lib90_00565	11
Lib90_00566	0
Lib90_00567	3
Lib90_00568	6
Lib90_00569	3
Lib90_00570	0
Lib90_00571	9
Lib90_00572	3
Lib90_00573	7
Lib90_00574	5
Lib90_00575	9
Lib90_00576	8
Lib90_00577	0
Lib90_00578	11
Lib90_00579	5
Lib90_00580	5
Lib90_00581	6
Lib90_00582	3
Lib90_00583	1
Lib90_00584	0
Lib90_00585	1
Lib90_00586	6
Lib90_00587	1
Lib90_00588	1
Lib90_00589	6
Lib90_00590	6
Lib90_00591	6
Lib90_00592	1
Lib90_00593	1
Lib90_00594	7
Lib90_00595	6
Lib90_00596	1
Lib90_00597	0
Lib90_00598	0
Lib90_00599	0
Lib90_00600	6
Lib90_00601	3
Lib90_00602	2
Lib90_00603	5
Lib90_00604	2
Lib90_00605	5
Lib90_00606	1
Lib90_00607	7
Lib90_00608	6
Lib90_00609	6
Lib90_00610	3
Lib90_00611	0
Lib90_00612	2
Lib90_00613	6
Lib90_00614	9
Lib90_00615	0
Lib90_00616	3
Lib90_00617	6
Lib90_00618	5
Lib90_00619	9
Lib90_00620	7
Lib90_00621	9
Lib90_00622	1
Lib90_00623	11
Lib90_00624	1
Lib90_00625	6
Lib90_00626	1
Lib90_00627	6
Lib90_00628	1
Lib90_00629	2
Lib90_00630	2
Lib90_00631	0
Lib90_00632	0
Lib90_00633	3
Lib90_00634	2
Lib90_00635	1
Lib90_00636	3
Lib90_00637	3
Lib90_00638	6
Lib90_00639	2
Lib90_00640	2
Lib90_00641	5
Lib90_00642	9
Lib90_00643	11
Lib90_00644	0
Lib90_00645	1
Lib90_00646	2
Lib90_00647	5
Lib90_00648	6
Lib90_00649	0
Lib90_00650	1
Lib90_00651	3
Lib90_00652	6
Lib90_00653	3
Lib90_00654	9
Lib90_00655	7
Lib90_00656	0
Lib90_00657	3
Lib90_00658	1
Lib90_00659	1
Lib90_00660	1
Lib90_00661	2
Lib90_00662	0
Lib90_00663	5
Lib90_00664	6
Lib90_00665	1
Lib90_00666	0
Lib90_00667	1
Lib90_00668	8
Lib90_00669	11
Lib90_00670	6
Lib90_00671	2
Lib90_00672	5
Lib90_00673	1
Lib90_00674	1
Lib90_00675	9
Lib90_00676	0
Lib90_00677	2
Lib90_00678	5
Lib90_00679	0
Lib90_00680	5
Lib90_00681	3
Lib90_00682	5
Lib90_00683	1
Lib90_00684	1
Lib90_00685	8
Lib90_00686	9
Lib90_00687	1
Lib90_00688	1
Lib90_00689	1
Lib90_00690	1
Lib90_00691	0
Lib90_00692	3
Lib90_00693	8
Lib90_00694	6
Lib90_00695	1
Lib90_00696	1
Lib90_00697	11
Lib90_00699	1
Lib90_00700	0
Lib90_00701	0
Lib90_00702	1
Lib90_00703	1
Lib90_00704	1
Lib90_00705	6
Lib90_00706	2
Lib90_00707	11
Lib90_00708	0
Lib90_00709	1
Lib90_00710	0
Lib90_00711	3
Lib90_00712	1
Lib90_00713	1
Lib90_00714	1
Lib90_00715	5
Lib90_00716	6
Lib90_00717	6
Lib90_00718	2
Lib90_00719	1
Lib90_00720	0
Lib90_00721	6
Lib90_00722	9
Lib90_00723	3
Lib90_00724	1
Lib90_00725	5
Lib90_00727	0
Lib90_00728	0
Lib90_00729	1
Lib90_00730	5
Lib90_00731	1
Lib90_00732	10
Lib90_00733	0
Lib90_00734	3
Lib90_00735	6
Lib90_00736	6
Lib90_00737	6
Lib90_00738	5
Lib90_00739	11
Lib90_00740	9
Lib90_00741	2
Lib90_00742	3
Lib90_00743	8
Lib90_00744	3
Lib90_00745	6
Lib90_00746	1
Lib90_00747	0
Lib90_00748	6
Lib90_00749	6
Lib90_00750	5
Lib90_00751	6
Lib90_00752	0
Lib90_00753	6
Lib90_00754	1
Lib90_00755	6
Lib90_00757	9
Lib90_00758	2
Lib90_00759	5
Lib90_00760	2
Lib90_00761	8
Lib90_00762	1
Lib90_00763	5
Lib90_00764	6
Lib90_00765	1
Lib90_00766	0
Lib90_00767	5
Lib90_00768	2
Lib90_00769	6
Lib90_00770	0
Lib90_00771	1
Lib90_00772	11
Lib90_00773	1
Lib90_00774	0
Lib90_00775	9
Lib90_00776	9
Lib90_00777	7
Lib90_00778	2
Lib90_00779	0
Lib90_00780	9
Lib90_00781	0
Lib90_00782	9
Lib90_00783	1
Lib90_00784	0
Lib90_00785	9
Lib90_00786	7
Lib90_00787	1
Lib90_00788	1
Lib90_00789	0
Lib90_00790	3
Lib90_00791	6
Lib90_00792	0
Lib90_00793	6
Lib90_00794	11
Lib90_00795	6
Lib90_00796	9
Lib90_00797	6
Lib90_00798	0
Lib90_00799	1
Lib90_00800	5
Lib90_00801	6
Lib90_00802	5
Lib90_00803	0
Lib90_00804	1
Lib90_00805	6
Lib90_00806	6
Lib90_00807	1
Lib90_00808	1
Lib90_00809	1
Lib90_00810	3
Lib90_00811	0
Lib90_00812	6
Lib90_00813	0
Lib90_00814	0
Lib90_00815	7
Lib90_00816	1
Lib90_00817	1
Lib90_00818	1
Lib90_00819	6
Lib90_00820	1
Lib90_00821	1
Lib90_00822	11
Lib90_00823	10
Lib90_00824	3
Lib90_00825	8
Lib90_00826	8
Lib90_00827	3
Lib90_00828	0
Lib90_00829	2
Lib90_00830	3
Lib90_00831	0
Lib90_00832	9
Lib90_00833	4
Lib90_00834	0
Lib90_00835	1
Lib90_00836	0
Lib90_00837	1
Lib90_00838	6
Lib90_00839	3
Lib90_00840	1
Lib90_00841	0
Lib90_00842	1
Lib90_00843	1
Lib90_00844	1
Lib90_00845	6
Lib90_00846	1
Lib90_00847	0
Lib90_00848	0
Lib90_00849	10
Lib90_00850	2
Lib90_00851	1
Lib90_00853	1
Lib90_00854	0
Lib90_00855	0
Lib90_00856	6
Lib90_00857	7
Lib90_00858	1
Lib90_00859	0
Lib90_00860	0
Lib90_00861	6
Lib90_00862	0
Lib90_00863	1
Lib90_00864	7
Lib90_00865	4
Lib90_00866	1
Lib90_00867	2
Lib90_00868	6
Lib90_00869	6
Lib90_00870	1
Lib90_00871	1
Lib90_00872	5
Lib90_00873	7
Lib90_00874	1
Lib90_00875	9
Lib90_00876	7
Lib90_00877	2
Lib90_00878	1
Lib90_00879	7
Lib90_00880	8
Lib90_00881	6
Lib90_00882	6
Lib90_00883	1
Lib90_00884	6
Lib90_00885	0
Lib90_00886	0
Lib90_00887	0
Lib90_00888	11
Lib90_00889	6
Lib90_00890	1
Lib90_00891	5
Lib90_00892	3
Lib90_00893	2
Lib90_00894	8
Lib90_00895	6
Lib90_00896	6
Lib90_00897	6
Lib90_00898	6
Lib90_00899	5
Lib90_00900	8
Lib90_00901	2
Lib90_00902	0
Lib90_00903	1
Lib90_00904	7
Lib90_00905	0
Lib90_00906	1
Lib90_00907	1
Lib90_00908	0
Lib90_00909	5
Lib90_00910	9
Lib90_00911	6
Lib90_00912	8
Lib90_00913	5
Lib90_00914	0
Lib90_00915	2
Lib90_00916	1
Lib90_00917	6
Lib90_00918	9
Lib90_00919	2
Lib90_00920	2
Lib90_00921	11
Lib90_00922	5
Lib90_00923	0
Lib90_00924	1
Lib90_00925	5
Lib90_00926	2
Lib90_00927	11
Lib90_00928	1
Lib90_00929	7
Lib90_00930	8
Lib90_00931	0
Lib90_00932	9
Lib90_00933	11
Lib90_00934	1
Lib90_00935	1
Lib90_00936	1
Lib90_00937	2
Lib90_00938	6
Lib90_00939	6
Lib90_00940	5
Lib90_00941	5
Lib90_00942	1
Lib90_00943	11
Lib90_00944	7
Lib90_00945	7
Lib90_00946	0
Lib90_00947	5
Lib90_00948	1
Lib90_00949	5
Lib90_00950	1
Lib90_00951	8
Lib90_00952	5
Lib90_00953	0
Lib90_00954	1
Lib90_00955	9
Lib90_00956	8
Lib90_00957	6
Lib90_00958	9
Lib90_00959	0
Lib90_00960	1
Lib90_00961	5
Lib90_00962	6
Lib90_00963	0
Lib90_00964	1
Lib90_00965	0
Lib90_00966	8
Lib90_00967	2
Lib90_00968	1
Lib90_00969	7
Lib90_00970	2
Lib90_00971	7
Lib90_00972	1
Lib90_00973	3
Lib90_00974	11
Lib90_00975	7
Lib90_00976	2
Lib90_00977	6
Lib90_00978	3
Lib90_00979	2
Lib90_00980	7
Lib90_00981	2
Lib90_00982	8
Lib90_00983	6
Lib90_00984	1
Lib90_00985	6
Lib90_00986	2
Lib90_00987	0
Lib90_00988	6
Lib90_00989	1
Lib90_00990	7
Lib90_00991	0
Lib90_00992	0
Lib90_00993	9
Lib90_00994	7
Lib90_00995	6
Lib90_00996	9
Lib90_00997	2
Lib90_00998	6
Lib90_00999	1
Lib90_01000	0
Lib90_01001	9
Lib90_01002	8
Lib90_01003	1
Lib90_01004	6
Lib90_01005	9
Lib90_01006	0
Lib90_01007	8
Lib90_01008	8
Lib90_01009	0
Lib90_01010	0
Lib90_01011	6
Lib90_01012	0
Lib90_01013	0
Lib90_01014	1
Lib90_01015	0
Lib90_01016	6
Lib90_01017	5
Lib90_01018	6
Lib90_01019	6
Lib90_01020	10
Lib90_01021	0
Lib90_01022	6
Lib90_01023	8
Lib90_01024	5
Lib90_01025	2
Lib90_01026	6
Lib90_01027	6
Lib90_01028	6
Lib90_01029	7
Lib90_01030	6
Lib90_01031	3
Lib90_01032	8
Lib90_01033	3
Lib90_01034	5
Lib90_01035	9
Lib90_01036	0
Lib90_01037	7
Lib90_01038	0
Lib90_01039	1
Lib90_01040	4
Lib90_01041	2
Lib90_01042	0
Lib90_01043	6
Lib90_01044	2
Lib90_01045	1
Lib90_01046	0
Lib90_01047	11
Lib90_01048	11
Lib90_01049	9
Lib90_01050	0
Lib90_01051	7
Lib90_01052	0
Lib90_01053	6
Lib90_01054	6
Lib90_01055	1
Lib90_01056	0
Lib90_01057	6
Lib90_01058	2
Lib90_01059	6
Lib90_01060	6
Lib90_01061	8
Lib90_01062	6
Lib90_01063	0
Lib90_01064	6
Lib90_01065	5
Lib90_01066	1
Lib90_01067	9
Lib90_01068	9
Lib90_01069	3
Lib90_01070	8
Lib90_01071	6
Lib90_01072	8
Lib90_01073	1
Lib90_01074	0
Lib90_01075	3
Lib90_01076	7
Lib90_01077	1
Lib90_01078	6
Lib90_01079	8
Lib90_01080	9
Lib90_01081	0
Lib90_01082	9
Lib90_01083	1
Lib90_01084	9
Lib90_01085	5
Lib90_01086	8
Lib90_01087	7
Lib90_01088	2
Lib90_01089	4
Lib90_01090	1
Lib90_01091	1
Lib90_01092	5
Lib90_01093	0
Lib90_01094	6
Lib90_01095	3
Lib90_01096	10
Lib90_01097	9
Lib90_01098	9
Lib90_01099	8
Lib90_01100	9
Lib90_01101	9
Lib90_01102	0
Lib90_01103	9
Lib90_01104	6
Lib90_01105	1
Lib90_01106	0
Lib90_01107	9
Lib90_01108	1
Lib90_01109	6
Lib90_01110	9
Lib90_01111	6
Lib90_01112	1
Lib90_01113	1
Lib90_01114	1
Lib90_01115	6
Lib90_01116	9
Lib90_01117	11
Lib90_01118	3
Lib90_01119	0
Lib90_01120	0
Lib90_01121	2
Lib90_01122	8
Lib90_01123	1
Lib90_01124	1
Lib90_01125	8
Lib90_01126	5
Lib90_01127	2
Lib90_01128	1
Lib90_01129	6
Lib90_01130	8
Lib90_01131	2
Lib90_01132	8
Lib90_01133	1
Lib90_01134	0
Lib90_01135	0
Lib90_01136	6
Lib90_01137	6
Lib90_01138	7
Lib90_01139	1
Lib90_01140	1
Lib90_01141	6
Lib90_01142	0
Lib90_01143	7
Lib90_01144	6
Lib90_01145	0
Lib90_01146	2
Lib90_01147	0
Lib90_01148	10
Lib90_01149	5
Lib90_01150	2
Lib90_01151	2
Lib90_01152	6
Lib90_01153	9
Lib90_01154	6
Lib90_01155	6
Lib90_01156	6
Lib90_01157	2
Lib90_01158	1
Lib90_01159	2
Lib90_01160	7
Lib90_01161	9
Lib90_01162	3
Lib90_01163	1
Lib90_01164	0
Lib90_01165	1
Lib90_01166	7
Lib90_01167	9
Lib90_01168	0
Lib90_01169	1
Lib90_01170	0
Lib90_01171	0
Lib90_01172	11
Lib90_01173	0
Lib90_01174	1
Lib90_01175	7
Lib90_01176	1
Lib90_01177	6
Lib90_01178	11
Lib90_01179	4
Lib90_01180	6
Lib90_01181	0
Lib90_01182	7
Lib90_01183	6
Lib90_01184	0
Lib90_01185	6
Lib90_01186	2
Lib90_01187	6
Lib90_01188	0
Lib90_01189	0
Lib90_01190	6
Lib90_01191	6
Lib90_01192	0
Lib90_01193	0
Lib90_01194	8
Lib90_01195	1
Lib90_01196	1
Lib90_01197	8
Lib90_01198	6
Lib90_01199	2
Lib90_01200	6
Lib90_01201	6
Lib90_01202	11
Lib90_01203	1
Lib90_01204	6
Lib90_01205	5
Lib90_01206	1
Lib90_01207	0
Lib90_01208	11
Lib90_01209	1
Lib90_01210	1
Lib90_01211	0
Lib90_01212	2
Lib90_01213	1
Lib90_01214	6
Lib90_01215	0
Lib90_01216	6
Lib90_01217	0
Lib90_01218	6
Lib90_01219	1
Lib90_01220	8
Lib90_01221	7
Lib90_01222	1
Lib90_01223	6
Lib90_01224	9
Lib90_01225	6
Lib90_01226	0
Lib90_01227	9
Lib90_01228	8
Lib90_01229	3
Lib90_01230	9
Lib90_01231	1
Lib90_01232	9
Lib90_01233	6
Lib90_01234	1
Lib90_01235	6
Lib90_01236	5
Lib90_01237	0
Lib90_01238	6
Lib90_01239	1
Lib90_01240	1
Lib90_01241	11
Lib90_01242	8
Lib90_01243	7
Lib90_01244	0
Lib90_01245	6
Lib90_01246	6
Lib90_01247	2
Lib90_01248	0
Lib90_01249	1
Lib90_01250	0
Lib90_01251	1
Lib90_01252	5
Lib90_01253	2
Lib90_01254	1
Lib90_01255	2
Lib90_01256	7
Lib90_01257	1
Lib90_01258	7
Lib90_01259	1
Lib90_01260	1
Lib90_01261	6
Lib90_01262	9
Lib90_01263	11
Lib90_01264	6
Lib90_01265	7
Lib90_01266	6
Lib90_01267	5
Lib90_01268	0
Lib90_01269	8
Lib90_01270	9
Lib90_01271	1
Lib90_01272	1
Lib90_01273	3
Lib90_01274	10
Lib90_01275	6
Lib90_01276	0
Lib90_01277	1
Lib90_01278	2
Lib90_01279	0
Lib90_01280	6
Lib90_01281	9
Lib90_01282	6
Lib90_01283	7
Lib90_01284	5
Lib90_01285	9
Lib90_01286	1
Lib90_01287	6
Lib90_01288	9
Lib90_01289	6
Lib90_01290	6
Lib90_01291	1
Lib90_01292	1
Lib90_01293	2
Lib90_01294	9
Lib90_01295	6
Lib90_01296	9
Lib90_01297	6
Lib90_01298	8
Lib90_01299	1
Lib90_01300	9
Lib90_01301	6
Lib90_01302	0
Lib90_01303	0
Lib90_01304	1
Lib90_01305	7
Lib90_01306	9
Lib90_01307	9
Lib90_01308	3
Lib90_01309	9
Lib90_01310	8
Lib90_01311	9
Lib90_01312	8
Lib90_01313	6
Lib90_01314	5
Lib90_01315	9
Lib90_01316	7
Lib90_01317	11
Lib90_01318	9
Lib90_01319	7
Lib90_01320	1
Lib90_01321	11
Lib90_01322	8
Lib90_01323	6
Lib90_01324	8
Lib90_01325	6
Lib90_01326	5
Lib90_01327	0
Lib90_01328	2
Lib90_01329	9
Lib90_01330	1
Lib90_01331	6
Lib90_01332	1
Lib90_01333	6
Lib90_01334	0
Lib90_01335	5
Lib90_01336	0
Lib90_01337	8
Lib90_01338	7
Lib90_01339	1
Lib90_01340	0
Lib90_01341	1
Lib90_01342	0
Lib90_01343	6
Lib90_01344	9
Lib90_01345	6
Lib90_01346	3
Lib90_01347	2
Lib90_01348	7
Lib90_01349	7
Lib90_01350	1
Lib90_01351	3
Lib90_01352	11
Lib90_01353	1
Lib90_01354	7
Lib90_01355	10
Lib90_01356	9
Lib90_01357	3
Lib90_01358	0
Lib90_01359	6
Lib90_01360	1
Lib90_01361	6
Lib90_01362	6
Lib90_01363	11
Lib90_01364	1
Lib90_01365	6
Lib90_01366	0
Lib90_01367	0
Lib90_01368	2
Lib90_01369	5
Lib90_01370	1
Lib90_01371	10
Lib90_01372	9
Lib90_01373	6
Lib90_01374	0
Lib90_01375	2
Lib90_01376	6
Lib90_01377	0
Lib90_01378	1
Lib90_01379	6
Lib90_01380	9
Lib90_01381	6
Lib90_01382	3
Lib90_01383	3
Lib90_01384	9
Lib90_01385	10
Lib90_01386	0
Lib90_01387	9
Lib90_01388	8
Lib90_01389	3
Lib90_01390	10
Lib90_01391	0
Lib90_01392	0
Lib90_01393	6
Lib90_01394	7
Lib90_01395	1
Lib90_01397	5
Lib90_01398	6
Lib90_01399	6
Lib90_01400	6
Lib90_01401	8
Lib90_01402	0
Lib90_01403	6
Lib90_01404	3
Lib90_01405	9
Lib90_01406	0
Lib90_01407	9
Lib90_01408	9
Lib90_01409	0
Lib90_01410	9
Lib90_01411	9
Lib90_01412	11
Lib90_01413	0
Lib90_01414	0
Lib90_01415	9
Lib90_01416	5
Lib90_01417	1
Lib90_01418	9
Lib90_01419	3
Lib90_01420	0
Lib90_01421	6
Lib90_01422	1
Lib90_01423	0
Lib90_01424	9
Lib90_01425	6
Lib90_01426	8
Lib90_01427	5
Lib90_01428	6
Lib90_01429	2
Lib90_01430	6
Lib90_01431	0
Lib90_01432	8
Lib90_01433	0
Lib90_01434	4
Lib90_01435	0
Lib90_01436	1
Lib90_01437	0
Lib90_01438	7
Lib90_01439	9
Lib90_01440	11
Lib90_01441	6
Lib90_01442	6
Lib90_01443	0
Lib90_01444	6
Lib90_01445	2
Lib90_01446	8
Lib90_01447	2
Lib90_01448	10
Lib90_01449	11
Lib90_01450	8
Lib90_01451	1
Lib90_01452	1
Lib90_01453	1
Lib90_01454	1
Lib90_01455	7
Lib90_01456	3
Lib90_01457	2
Lib90_01458	8
Lib90_01459	2
Lib90_01460	3
Lib90_01461	2
Lib90_01462	0
Lib90_01463	8
Lib90_01464	0
Lib90_01465	0
Lib90_01466	9
Lib90_01467	9
Lib90_01468	5
Lib90_01469	9
Lib90_01470	0
Lib90_01471	5
Lib90_01472	0
Lib90_01473	6
Lib90_01474	6
Lib90_01475	4
Lib90_01476	11
Lib90_01477	6
Lib90_01478	0
Lib90_01479	9
Lib90_01480	6
Lib90_01481	8
Lib90_01482	6
Lib90_01483	1
Lib90_01484	9
Lib90_01485	10
Lib90_01486	9
Lib90_01487	4
Lib90_01488	9
Lib90_01489	6
Lib90_01490	0
Lib90_01491	6
Lib90_01492	7
Lib90_01493	0
Lib90_01495	11
Lib90_01496	6
Lib90_01497	7
Lib90_01498	9
Lib90_01499	10
Lib90_01500	6
Lib90_01501	0
Lib90_01502	9
Lib90_01503	6
Lib90_01504	3
Lib90_01505	10
Lib90_01506	9
Lib90_01507	11
Lib90_01508	5
Lib90_01509	0
Lib90_01510	1
Lib90_01511	6
Lib90_01512	1
Lib90_01513	6
Lib90_01514	2
Lib90_01515	1
Lib90_01516	9
Lib90_01517	9
Lib90_01518	9
Lib90_01519	10
Lib90_01520	6
Lib90_01521	6
Lib90_01522	9
Lib90_01523	8
Lib90_01524	1
Lib90_01525	10
Lib90_01526	0
Lib90_01527	6
Lib90_01528	0
Lib90_01529	9
Lib90_01530	6
Lib90_01531	0
Lib90_01532	1
Lib90_01533	1
Lib90_01534	1
Lib90_01535	6
Lib90_01536	0
Lib90_01537	0
Lib90_01538	5
Lib90_01539	2
Lib90_01540	3
Lib90_01541	0
Lib90_01542	9
Lib90_01543	10
Lib90_01544	8
Lib90_01545	8
Lib90_01546	9
Lib90_01547	1
Lib90_01548	9
Lib90_01549	9
Lib90_01550	1
Lib90_01551	6
Lib90_01552	11
Lib90_01553	7
Lib90_01554	9
Lib90_01555	6
Lib90_01556	7
Lib90_01557	0
Lib90_01558	7
Lib90_01559	8
Lib90_01560	10
Lib90_01561	0
Lib90_01562	9
Lib90_01563	0
Lib90_01564	7
Lib90_01565	0
Lib90_01566	8
Lib90_01567	1
Lib90_01568	6
Lib90_01569	0
Lib90_01570	4
Lib90_01571	11
Lib90_01572	9
Lib90_01573	6
Lib90_01574	9
Lib90_01575	5
Lib90_01576	10
Lib90_01577	5
Lib90_01578	1
Lib90_01579	9
Lib90_01580	2
Lib90_01581	6
Lib90_01582	7
Lib90_01583	6
Lib90_01584	7
Lib90_01585	7
Lib90_01586	11
Lib90_01587	0
Lib90_01588	8
Lib90_01589	9
Lib90_01590	5
Lib90_01591	10
Lib90_01592	6
Lib90_01593	0
Lib90_01594	6
Lib90_01595	11
Lib90_01596	10
Lib90_01597	8
Lib90_01598	4
Lib90_01599	2
Lib90_01600	5
Lib90_01601	1
Lib90_01602	0
Lib90_01603	7
Lib90_01604	11
Lib90_01605	1
Lib90_01606	9
Lib90_01607	2
Lib90_01608	10
Lib90_01609	6
Lib90_01610	6
Lib90_01611	7
Lib90_01612	0
Lib90_01613	9
Lib90_01614	6
Lib90_01615	11
Lib90_01616	6
Lib90_01617	6
Lib90_01618	0
Lib90_01619	11
Lib90_01620	11
Lib90_01621	1
Lib90_01622	6
Lib90_01623	10
Lib90_01624	9
Lib90_01625	0
Lib90_01626	4
Lib90_01627	9
Lib90_01628	6
Lib90_01629	0
Lib90_01630	0
Lib90_01631	0
Lib90_01632	1
Lib90_01633	0
Lib90_01634	9
Lib90_01635	0
Lib90_01636	7
Lib90_01637	10
Lib90_01638	7
Lib90_01639	10
Lib90_01640	0
Lib90_01641	9
Lib90_01642	0
Lib90_01643	6
Lib90_01644	10
Lib90_01645	0
Lib90_01646	9
Lib90_01647	9
Lib90_01648	2
Lib90_01649	6
Lib90_01650	9
Lib90_01651	0
Lib90_01652	6
Lib90_01653	0
Lib90_01654	9
Lib90_01656	6
Lib90_01657	9
Lib90_01658	9
Lib90_01659	1
Lib90_01660	11
Lib90_01661	9
Lib90_01662	0
Lib90_01663	7
Lib90_01664	10
Lib90_01665	9
Lib90_01666	0
Lib90_01667	6
Lib90_01668	6
Lib90_01669	9
Lib90_01670	9
Lib90_01671	9
Lib90_01672	6
Lib90_01673	0
Lib90_01674	6
Lib90_01675	0
Lib90_01676	6
Lib90_01677	6
Lib90_01678	9
Lib90_01679	1
Lib90_01680	10
Lib90_01681	6
Lib90_01682	11
Lib90_01683	2
Lib90_01684	0
Lib90_01685	9
Lib90_01686	10
Lib90_01687	9
Lib90_01688	0
Lib90_01689	0
Lib90_01690	5
Lib90_01691	5
Lib90_01692	0
Lib90_01693	8
Lib90_01694	1
Lib90_01695	10
Lib90_01696	9
Lib90_01697	11
Lib90_01698	6
Lib90_01699	2
Lib90_01700	11
Lib90_01701	0
Lib90_01702	10
Lib90_01703	11
Lib90_01704	1
Lib90_01705	10
Lib90_01706	0
Lib90_01707	1
Lib90_01708	0
Lib90_01709	7
Lib90_01710	9
Lib90_01711	6
Lib90_01712	9
Lib90_01713	0
Lib90_01714	9
Lib90_01715	6
Lib90_01716	6
Lib90_01717	2
Lib90_01718	7
Lib90_01719	2
Lib90_01720	9
Lib90_01721	8
Lib90_01722	9
Lib90_01723	6
Lib90_01724	6
Lib90_01725	10
Lib90_01726	9
Lib90_01727	1
Lib90_01728	3
Lib90_01729	9
Lib90_01730	6
Lib90_01731	6
Lib90_01732	5
Lib90_01733	1
Lib90_01734	6
Lib90_01735	1
Lib90_01736	2
Lib90_01737	2
Lib90_01738	6
Lib90_01739	8
Lib90_01740	1
Lib90_01741	6
Lib90_01742	9
Lib90_01743	9
Lib90_01744	1
Lib90_01745	9
Lib90_01746	0
Lib90_01747	9
Lib90_01748	9
Lib90_01749	2
Lib90_01750	11
Lib90_01751	0
Lib90_01752	9
Lib90_01753	0
Lib90_01754	2
Lib90_01755	9
Lib90_01756	9
Lib90_01757	6
Lib90_01758	1
Lib90_01759	11
Lib90_01760	0
Lib90_01761	9
Lib90_01762	8
Lib90_01763	0
Lib90_01764	10
Lib90_01765	6
Lib90_01766	9
Lib90_01767	0
Lib90_01768	9
Lib90_01769	11
Lib90_01770	1
Lib90_01771	0
Lib90_01772	6
Lib90_01773	9
Lib90_01774	9
Lib90_01775	10
Lib90_01776	1
Lib90_01777	9
Lib90_01778	2
Lib90_01779	1
Lib90_01780	4
Lib90_01781	0
Lib90_01782	6
Lib90_01783	6
Lib90_01784	0
Lib90_01785	7
Lib90_01786	8
Lib90_01787	6
Lib90_01788	9
Lib90_01789	6
Lib90_01790	0
Lib90_01791	6
Lib90_01792	2
Lib90_01793	1
Lib90_01794	8
Lib90_01795	8
Lib90_01796	11
Lib90_01797	10
Lib90_01798	6
Lib90_01799	9
Lib90_01800	6
Lib90_01801	6
Lib90_01802	10
Lib90_01803	0
Lib90_01804	6
Lib90_01805	0
Lib90_01806	10
Lib90_01807	2
Lib90_01808	8
Lib90_01809	6
Lib90_01810	8
Lib90_01811	6
Lib90_01812	11
Lib90_01813	10
Lib90_01814	6
Lib90_01815	0
Lib90_01816	10
Lib90_01817	6
Lib90_01818	9
Lib90_01819	6
Lib90_01820	1
Lib90_01821	1
Lib90_01822	0
Lib90_01823	0
Lib90_01824	6
Lib90_01825	10
Lib90_01826	6
Lib90_01827	9
Lib90_01828	10
Lib90_01829	1
Lib90_01830	8
Lib90_01831	6
Lib90_01832	7
Lib90_01833	6
Lib90_01834	9
Lib90_01835	1
Lib90_01836	2
Lib90_01837	1
Lib90_01838	8
Lib90_01839	1
Lib90_01840	6
Lib90_01841	6
Lib90_01842	0
Lib90_01843	6
Lib90_01844	4
Lib90_01845	9
Lib90_01846	4
Lib90_01847	6
Lib90_01848	2
Lib90_01849	9
Lib90_01850	3
Lib90_01851	1
Lib90_01852	1
Lib90_01853	1
Lib90_01854	0
Lib90_01855	0
Lib90_01856	9
Lib90_01857	6
Lib90_01858	11
Lib90_01859	6
Lib90_01860	7
Lib90_01861	9
Lib90_01862	11
Lib90_01863	9
Lib90_01864	9
Lib90_01865	5
Lib90_01866	9
Lib90_01867	1
Lib90_01868	6
Lib90_01869	9
Lib90_01870	9
Lib90_01871	0
Lib90_01872	6
Lib90_01874	6
Lib90_01875	9
Lib90_01876	9
Lib90_01877	1
Lib90_01878	9
Lib90_01879	9
Lib90_01880	6
Lib90_01881	6
Lib90_01882	10
Lib90_01883	10
Lib90_01884	9
Lib90_01885	5
Lib90_01886	9
Lib90_01887	8
Lib90_01888	9
Lib90_01889	9
Lib90_01890	8
Lib90_01891	0
Lib90_01892	6
Lib90_01893	0
Lib90_01894	9
Lib90_01895	6
Lib90_01896	9
Lib90_01897	10
Lib90_01898	0
Lib90_01899	10
Lib90_01900	11
Lib90_01901	9
Lib90_01902	6
Lib90_01903	0
Lib90_01904	9
Lib90_01905	10
Lib90_01906	6
Lib90_01907	9
Lib90_01908	6
Lib90_01909	6
Lib90_01910	2
Lib90_01911	6
Lib90_01912	6
Lib90_01913	0
Lib90_01914	0
Lib90_01915	6
Lib90_01916	0
Lib90_01917	0
Lib90_01918	9
Lib90_01919	8
Lib90_01920	7
Lib90_01921	1
Lib90_01922	9
Lib90_01923	2
Lib90_01924	11
Lib90_01925	0
Lib90_01926	6
Lib90_01927	10
Lib90_01928	6
Lib90_01929	9
Lib90_01930	0
Lib90_01931	6
Lib90_01932	9
Lib90_01933	10
Lib90_01934	6
Lib90_01935	9
Lib90_01936	11
Lib90_01937	10
Lib90_01938	10
Lib90_01939	5
Lib90_01940	6
Lib90_01941	7
Lib90_01942	11
Lib90_01943	9
Lib90_01944	9
Lib90_01945	9
Lib90_01946	1
Lib90_01947	1
Lib90_01948	9
Lib90_01949	6
Lib90_01950	2
Lib90_01951	1
Lib90_01952	4
Lib90_01953	9
Lib90_01954	9
Lib90_01955	1
Lib90_01956	9
Lib90_01958	2
Lib90_01959	2
Lib90_01960	10
Lib90_01961	4
Lib90_01962	1
Lib90_01963	6
Lib90_01964	9
Lib90_01965	9
Lib90_01966	6
Lib90_01967	9
Lib90_01968	6
Lib90_01969	4
Lib90_01970	5
Lib90_01971	9
Lib90_01972	2
Lib90_01973	9
Lib90_01974	9
Lib90_01975	9
Lib90_01976	4
Lib90_01977	11
Lib90_01978	8
Lib90_01979	6
Lib90_01980	0
Lib90_01981	10
Lib90_01982	9
Lib90_01983	9
Lib90_01984	7
Lib90_01985	11
Lib90_01986	0
Lib90_01987	9
Lib90_01988	9
Lib90_01989	6
Lib90_01990	0
Lib90_01991	9
Lib90_01992	9
Lib90_01993	11
Lib90_01994	9
Lib90_01995	9
Lib90_01996	1
Lib90_01997	9
Lib90_01998	4
Lib90_01999	10
Lib90_02000	0
Lib90_02001	10
Lib90_02002	0
Lib90_02003	2
Lib90_02004	10
Lib90_02005	9
Lib90_02006	7
Lib90_02007	6
Lib90_02008	1
Lib90_02009	9
Lib90_02010	7
Lib90_02011	1
Lib90_02012	9
Lib90_02013	1
Lib90_02014	1
Lib90_02015	9
Lib90_02016	1
Lib90_02017	11
Lib90_02018	8
Lib90_02019	0
Lib90_02020	0
Lib90_02021	1
Lib90_02022	2
Lib90_02023	6
Lib90_02024	7
Lib90_02025	11
Lib90_02026	6
Lib90_02027	4
Lib90_02028	0
Lib90_02029	6
Lib90_02030	6
Lib90_02031	7
Lib90_02032	10
Lib90_02033	10
Lib90_02034	9
Lib90_02035	9
Lib90_02036	6
Lib90_02037	8
Lib90_02039	6
Lib90_02040	0
Lib90_02041	9
Lib90_02042	9
Lib90_02043	9
Lib90_02044	5
Lib90_02045	9
Lib90_02046	11
Lib90_02047	9
Lib90_02048	9
Lib90_02049	2
Lib90_02050	6
Lib90_02051	9
Lib90_02052	9
Lib90_02053	9
Lib90_02054	0
Lib90_02055	6
Lib90_02056	6
Lib90_02057	6
Lib90_02058	11
Lib90_02059	9
Lib90_02060	7
Lib90_02061	1
Lib90_02062	9
Lib90_02063	0
Lib90_02064	2
Lib90_02065	2
Lib90_02066	9
Lib90_02067	1
Lib90_02068	10
Lib90_02069	0
Lib90_02070	9
Lib90_02071	2
Lib90_02072	9
Lib90_02073	0
Lib90_02074	6
Lib90_02075	9
Lib90_02076	6
Lib90_02077	9
Lib90_02078	9
Lib90_02079	11
Lib90_02080	6
Lib90_02081	9
Lib90_02082	9
Lib90_02083	9
Lib90_02084	10
Lib90_02085	10
Lib90_02086	6
Lib90_02087	11
Lib90_02088	9
Lib90_02089	7
Lib90_02090	7
Lib90_02091	4
Lib90_02092	10
Lib90_02093	0
Lib90_02094	9
Lib90_02095	10
Lib90_02096	7
Lib90_02097	9
Lib90_02098	2
Lib90_02099	1
Lib90_02100	9
Lib90_02101	9
Lib90_02102	9
Lib90_02103	8
Lib90_02104	9
Lib90_02105	0
Lib90_02106	0
Lib90_02107	9
Lib90_02108	9
Lib90_02109	10
Lib90_02110	9
Lib90_02111	1
Lib90_02112	9
Lib90_02113	8
Lib90_02114	9
Lib90_02115	6
Lib90_02116	6
Lib90_02117	9
Lib90_02118	9
Lib90_02119	10
Lib90_02120	10
Lib90_02121	6
Lib90_02122	1
Lib90_02123	10
Lib90_02124	9
Lib90_02125	0
Lib90_02126	9
Lib90_02127	6
Lib90_02128	8
Lib90_02129	8
Lib90_02130	0
Lib90_02131	8
Lib90_02132	1
Lib90_02133	8
Lib90_02134	8
Lib90_02135	5
Lib90_02136	0
Lib90_02137	10
Lib90_02138	6
Lib90_02139	2
Lib90_02140	0
Lib90_02141	9
Lib90_02142	9
Lib90_02143	2
Lib90_02144	9
Lib90_02145	0
Lib90_02146	6
Lib90_02147	0
Lib90_02148	6
Lib90_02149	8
Lib90_02150	9
Lib90_02151	9
Lib90_02152	10
Lib90_02153	7
Lib90_02154	10
Lib90_02155	1
Lib90_02156	9
Lib90_02157	6
Lib90_02158	7
Lib90_02159	9
Lib90_02160	9
Lib90_02161	9
Lib90_02162	1
Lib90_02163	9
Lib90_02164	9
Lib90_02165	6
Lib90_02166	9
Lib90_02167	10
Lib90_02168	9
Lib90_02169	9
Lib90_02170	4
Lib90_02171	9
Lib90_02172	9
Lib90_02173	9
Lib90_02174	9
Lib90_02175	9
Lib90_02176	9
Lib90_02177	2
Lib90_02178	6
Lib90_02179	0
Lib90_02180	0
Lib90_02181	10
Lib90_02182	0
Lib90_02183	9
Lib90_02184	6
Lib90_02185	9
Lib90_02186	10
Lib90_02187	9
Lib90_02188	2
Lib90_02189	7
Lib90_02190	9
Lib90_02191	1
Lib90_02192	6
Lib90_02193	2
Lib90_02194	11
Lib90_02195	7
Lib90_02196	1
Lib90_02197	0
Lib90_02198	9
Lib90_02199	0
Lib90_02201	10
Lib90_02202	6
Lib90_02203	9
Lib90_02204	4
Lib90_02205	8
Lib90_02206	9
Lib90_02207	0
Lib90_02208	0
Lib90_02209	4
Lib90_02210	10
Lib90_02211	6
Lib90_02212	2
Lib90_02213	10
Lib90_02214	9
Lib90_02215	10
Lib90_02216	10
Lib90_02217	9
Lib90_02218	0
Lib90_02219	9
Lib90_02220	9
Lib90_02221	11
Lib90_02222	9
Lib90_02223	9
Lib90_02224	10
Lib90_02225	4
Lib90_02226	7
Lib90_02227	9
Lib90_02228	0
Lib90_02229	10
Lib90_02230	9
Lib90_02231	0
Lib90_02232	9
Lib90_02233	9
Lib90_02234	10
Lib90_02235	9
Lib90_02236	10
Lib90_02237	9
Lib90_02238	6
Lib90_02239	9
Lib90_02240	9
Lib90_02241	0
Lib90_02242	4
Lib90_02243	10
Lib90_02244	1
Lib90_02245	0
Lib90_02246	10
Lib90_02247	4
Lib90_02248	11
Lib90_02249	5
Lib90_02250	9
Lib90_02251	10
Lib90_02252	7
Lib90_02253	10
Lib90_02254	11
Lib90_02255	10
Lib90_02256	9
Lib90_02257	11
Lib90_02258	6
Lib90_02259	9
Lib90_02260	10
Lib90_02261	1
Lib90_02262	1
Lib90_02263	6
Lib90_02264	10
Lib90_02265	1
Lib90_02266	10
Lib90_02267	9
Lib90_02268	9
Lib90_02269	10
Lib90_02270	4
Lib90_02271	4
Lib90_02272	9
Lib90_02273	9
Lib90_02274	2
Lib90_02275	10
Lib90_02276	9
Lib90_02277	1
Lib90_02278	11
Lib90_02279	1
Lib90_02280	6
Lib90_02281	9
Lib90_02282	9
Lib90_02283	9
Lib90_02284	9
Lib90_02285	10
Lib90_02286	9
Lib90_02287	9
Lib90_02288	4
Lib90_02289	10
Lib90_02290	5
Lib90_02291	6
Lib90_02292	2
Lib90_02293	2
Lib90_02294	5
Lib90_02295	6
Lib90_02296	10
Lib90_02297	9
Lib90_02298	10
Lib90_02299	9
Lib90_02300	10
Lib90_02301	10
Lib90_02302	9
Lib90_02303	9
Lib90_02304	9
Lib90_02305	6
Lib90_02306	10
Lib90_02307	7
Lib90_02308	9
Lib90_02309	10
Lib90_02310	9
Lib90_02311	1
Lib90_02312	10
Lib90_02313	9
Lib90_02314	1
Lib90_02315	9
Lib90_02316	10
Lib90_02317	9
Lib90_02318	10
Lib90_02319	9
Lib90_02320	2
Lib90_02321	10
Lib90_02322	9
Lib90_02323	9
Lib90_02324	0
Lib90_02325	4
Lib90_02326	5
Lib90_02327	9
Lib90_02328	9
Lib90_02329	9
Lib90_02330	6
Lib90_02331	9
Lib90_02332	10
Lib90_02333	0
Lib90_02334	10
Lib90_02335	9
Lib90_02336	0
Lib90_02337	9
Lib90_02338	9
Lib90_02339	0
Lib90_02340	2
Lib90_02341	0
Lib90_02342	10
Lib90_02343	9
Lib90_02344	9
Lib90_02345	9
Lib90_02346	5
Lib90_02347	11
Lib90_02348	9
Lib90_02349	2
Lib90_02350	9
Lib90_02351	7
Lib90_02352	9
Lib90_02353	10
Lib90_02354	9
Lib90_02355	8
Lib90_02356	9
Lib90_02357	7
Lib90_02358	5
Lib90_02359	10
Lib90_02360	11
Lib90_02361	0
Lib90_02362	9
Lib90_02363	9
Lib90_02364	6
Lib90_02365	6
Lib90_02366	9
Lib90_02367	6
Lib90_02368	9
Lib90_02369	0
Lib90_02370	3
Lib90_02371	6
Lib90_02372	6
Lib90_02373	0
Lib90_02374	9
Lib90_02375	0
Lib90_02376	9
Lib90_02377	8
Lib90_02378	9
Lib90_02379	9
Lib90_02380	9
Lib90_02381	9
Lib90_02382	9
Lib90_02383	4
Lib90_02384	6
Lib90_02385	1
Lib90_02386	9
Lib90_02387	9
Lib90_02389	0
Lib90_02390	6
Lib90_02391	6
Lib90_02392	9
Lib90_02393	11
Lib90_02394	0
Lib90_02395	10
Lib90_02396	6
Lib90_02397	10
Lib90_02398	4
Lib90_02399	10
Lib90_02400	9
Lib90_02401	9
Lib90_02402	1
Lib90_02403	0
Lib90_02404	7
Lib90_02405	10
Lib90_02406	6
Lib90_02407	2
Lib90_02408	10
Lib90_02409	9
Lib90_02410	10
Lib90_02411	9
Lib90_02412	10
Lib90_02413	9
Lib90_02414	9
Lib90_02415	10
Lib90_02416	10
Lib90_02417	10
Lib90_02418	10
Lib90_02419	6
Lib90_02420	0
Lib90_02421	10
Lib90_02422	4
Lib90_02423	7
Lib90_02424	6
Lib90_02425	9
Lib90_02426	10
Lib90_02427	7
Lib90_02428	9
Lib90_02429	10
Lib90_02430	10
Lib90_02431	9
Lib90_02432	6
Lib90_02433	9
Lib90_02434	0
Lib90_02435	6
Lib90_02436	9
Lib90_02437	9
Lib90_02438	0
Lib90_02439	7
Lib90_02440	10
Lib90_02441	9
Lib90_02442	9
Lib90_02443	0
Lib90_02444	6
Lib90_02445	9
Lib90_02446	11
Lib90_02447	10
Lib90_02448	10
Lib90_02449	9
Lib90_02450	8
Lib90_02451	8
Lib90_02452	9
Lib90_02453	6
Lib90_02454	0
Lib90_02455	9
Lib90_02456	0
Lib90_02457	10
Lib90_02458	10
Lib90_02459	9
Lib90_02460	9
Lib90_02462	10
Lib90_02463	10
Lib90_02464	10
Lib90_02465	9
Lib90_02466	0
Lib90_02467	2
Lib90_02468	11
Lib90_02469	10
Lib90_02470	4
Lib90_02471	9
Lib90_02472	6
Lib90_02473	9
Lib90_02474	9
Lib90_02475	4
Lib90_02476	10
Lib90_02477	10
Lib90_02478	10
Lib90_02479	4
Lib90_02480	0
Lib90_02481	9
Lib90_02482	4
Lib90_02483	7
Lib90_02484	9
Lib90_02485	0
Lib90_02486	10
Lib90_02487	10
Lib90_02488	9
Lib90_02489	9
Lib90_02490	6
Lib90_02491	9
Lib90_02492	7
Lib90_02493	0
Lib90_02494	10
Lib90_02495	10
Lib90_02496	10
Lib90_02497	10
Lib90_02498	4
Lib90_02499	9
Lib90_02500	10
Lib90_02501	10
Lib90_02502	0
Lib90_02503	10
Lib90_02504	1
Lib90_02505	1
Lib90_02506	4
Lib90_02507	9
Lib90_02508	10
Lib90_02509	9
Lib90_02510	1
Lib90_02511	9
Lib90_02512	10
Lib90_02513	10
Lib90_02514	10
Lib90_02515	9
Lib90_02516	10
Lib90_02517	11
Lib90_02518	11
Lib90_02519	9
Lib90_02520	9
Lib90_02521	4
Lib90_02522	2
Lib90_02523	7
Lib90_02524	9
Lib90_02525	9
Lib90_02526	9
Lib90_02527	10
Lib90_02528	9
Lib90_02529	9
Lib90_02530	0
Lib90_02531	10
Lib90_02532	2
Lib90_02533	10
Lib90_02534	9
Lib90_02535	5
Lib90_02536	4
Lib90_02537	2
Lib90_02538	10
Lib90_02539	11
Lib90_02540	10
Lib90_02541	1
Lib90_02542	0
Lib90_02543	10
Lib90_02544	9
Lib90_02545	10
Lib90_02546	4
Lib90_02547	9
Lib90_02548	6
Lib90_02549	4
Lib90_02550	10
Lib90_02551	10
Lib90_02552	9
Lib90_02553	10
Lib90_02554	4
Lib90_02555	6
Lib90_02556	9
Lib90_02557	2
Lib90_02558	10
Lib90_02559	9
Lib90_02560	0
Lib90_02561	10
Lib90_02562	10
Lib90_02563	6
Lib90_02564	4
Lib90_02565	0
Lib90_02566	9
Lib90_02567	10
Lib90_02568	10
Lib90_02569	10
Lib90_02570	5
Lib90_02571	1
Lib90_02572	9
Lib90_02573	9
Lib90_02574	10
Lib90_02575	4
Lib90_02576	9
Lib90_02577	2
Lib90_02578	2
Lib90_02579	2
Lib90_02580	9
Lib90_02581	10
Lib90_02582	10
Lib90_02583	4
Lib90_02584	9
Lib90_02585	10
Lib90_02586	9
Lib90_02587	10
Lib90_02588	9
Lib90_02589	2
Lib90_02590	9
Lib90_02591	9
Lib90_02592	9
Lib90_02593	9
Lib90_02594	3
Lib90_02595	10
Lib90_02596	10
Lib90_02597	9
Lib90_02598	0
Lib90_02599	10
Lib90_02601	0
Lib90_02602	10
Lib90_02603	10
Lib90_02605	6
Lib90_02606	4
Lib90_02607	9
Lib90_02608	10
Lib90_02609	9
Lib90_02610	10
Lib90_02611	10
Lib90_02612	10
Lib90_02613	2
Lib90_02614	9
Lib90_02615	10
Lib90_02616	2
Lib90_02617	7
Lib90_02618	9
Lib90_02620	9
Lib90_02621	9
Lib90_02622	9
Lib90_02623	9
Lib90_02624	10
Lib90_02625	9
Lib90_02626	10
Lib90_02628	9
Lib90_02629	6
Lib90_02630	6
Lib90_02631	9
Lib90_02632	10
Lib90_02633	4
Lib90_02634	9
Lib90_02635	2
Lib90_02636	11
Lib90_02637	10
Lib90_02638	10
Lib90_02639	9
Lib90_02640	5
Lib90_02641	0
Lib90_02642	10
Lib90_02643	6
Lib90_02644	9
Lib90_02645	9
Lib90_02646	0
Lib90_02647	0
Lib90_02648	9
Lib90_02649	9
Lib90_02650	6
Lib90_02651	10
Lib90_02652	2
Lib90_02653	10
Lib90_02654	10
Lib90_02655	10
Lib90_02656	0
Lib90_02657	9
Lib90_02658	9
Lib90_02659	0
Lib90_02660	9
Lib90_02661	0
Lib90_02662	2
Lib90_02663	9
Lib90_02664	10
Lib90_02665	10
Lib90_02666	0
Lib90_02667	7
Lib90_02669	9
Lib90_02670	10
Lib90_02671	0
Lib90_02672	10
Lib90_02673	9
Lib90_02674	9
Lib90_02675	4
Lib90_02676	9
Lib90_02677	2
Lib90_02678	2
Lib90_02679	10
Lib90_02680	10
Lib90_02681	4
Lib90_02682	4
Lib90_02683	9
Lib90_02684	1
Lib90_02686	9
Lib90_02687	9
Lib90_02688	4
Lib90_02689	0
Lib90_02690	4
Lib90_02691	9
Lib90_02692	4
Lib90_02693	9
Lib90_02694	9
Lib90_02695	9
Lib90_02696	1
Lib90_02697	6
Lib90_02698	6
Lib90_02699	6
Lib90_02700	0
Lib90_02701	6
Lib90_02702	10
Lib90_02703	4
Lib90_02704	10
Lib90_02705	9
Lib90_02706	9
Lib90_02707	11
Lib90_02708	10
Lib90_02709	10
Lib90_02710	9
Lib90_02711	9
Lib90_02712	9
Lib90_02713	1
Lib90_02714	9
Lib90_02715	10
Lib90_02716	10
Lib90_02717	0
Lib90_02718	6
Lib90_02719	9
Lib90_02720	10
Lib90_02721	10
Lib90_02722	10
Lib90_02723	6
Lib90_02724	9
Lib90_02725	6
Lib90_02726	9
Lib90_02727	4
Lib90_02728	2
Lib90_02729	9
Lib90_02730	11
Lib90_02731	10
Lib90_02732	4
Lib90_02733	10
Lib90_02734	2
Lib90_02735	6
Lib90_02736	10
Lib90_02737	12
Lib90_02738	10
Lib90_02739	2
Lib90_02740	10
Lib90_02741	9
Lib90_02742	9
Lib90_02743	9
Lib90_02744	0
Lib90_02745	10
Lib90_02746	6
Lib90_02747	6
Lib90_02748	10
Lib90_02749	0
Lib90_02750	6
Lib90_02752	2
Lib90_02753	10
Lib90_02754	0
Lib90_02755	2
Lib90_02756	9
Lib90_02757	10
Lib90_02758	10
Lib90_02759	2
Lib90_02760	0
Lib90_02761	4
Lib90_02762	9
Lib90_02763	10
Lib90_02764	10
Lib90_02765	4
Lib90_02766	2
Lib90_02767	10
Lib90_02768	0
Lib90_02769	10
Lib90_02770	1
Lib90_02771	10
Lib90_02772	4
Lib90_02773	7
Lib90_02774	10
Lib90_02775	9
Lib90_02776	10
Lib90_02777	9
Lib90_02778	4
Lib90_02779	10
Lib90_02780	10
Lib90_02781	10
Lib90_02782	0
Lib90_02783	9
Lib90_02784	9
Lib90_02785	0
Lib90_02786	6
Lib90_02787	10
Lib90_02788	10
Lib90_02789	9
Lib90_02790	4
Lib90_02791	9
Lib90_02792	7
Lib90_02793	9
Lib90_02794	9
Lib90_02795	10
Lib90_02796	10
Lib90_02798	10
Lib90_02799	0
Lib90_02800	10
Lib90_02801	10
Lib90_02802	6
Lib90_02803	10
Lib90_02804	4
Lib90_02805	10
Lib90_02806	6
Lib90_02807	10
Lib90_02808	10
Lib90_02810	10
Lib90_02811	9
Lib90_02812	10
Lib90_02813	9
Lib90_02814	10
Lib90_02816	12
Lib90_02817	0
Lib90_02818	2
Lib90_02819	6
Lib90_02820	10
Lib90_02821	9
Lib90_02822	9
Lib90_02823	9
Lib90_02824	10
Lib90_02825	0
Lib90_02826	1
Lib90_02827	9
Lib90_02828	7
Lib90_02829	10
Lib90_02830	10
Lib90_02831	10
Lib90_02832	7
Lib90_02833	10
Lib90_02834	10
Lib90_02835	6
Lib90_02836	6
Lib90_02838	1
Lib90_02839	9
Lib90_02840	9
Lib90_02841	9
Lib90_02842	9
Lib90_02843	9
Lib90_02844	1
Lib90_02845	10
Lib90_02846	4
Lib90_02847	4
Lib90_02848	6
Lib90_02849	9
Lib90_02850	10
Lib90_02851	4
Lib90_02852	10
Lib90_02853	10
Lib90_02854	4
Lib90_02855	8
Lib90_02856	9
Lib90_02857	9
Lib90_02858	10
Lib90_02859	2
Lib90_02860	2
Lib90_02861	9
Lib90_02862	8
Lib90_02863	1
Lib90_02864	11
Lib90_02865	1
Lib90_02866	10
Lib90_02867	9
Lib90_02868	10
Lib90_02869	9
Lib90_02870	10
Lib90_02871	4
Lib90_02872	7
Lib90_02873	9
Lib90_02874	9
Lib90_02875	9
Lib90_02876	10
Lib90_02877	10
Lib90_02878	10
Lib90_02879	2
Lib90_02880	9
Lib90_02881	4
Lib90_02882	10
Lib90_02883	7
Lib90_02884	7
Lib90_02885	10
Lib90_02886	10
Lib90_02887	8
Lib90_02888	0
Lib90_02889	10
Lib90_02890	6
Lib90_02891	9
Lib90_02892	0
Lib90_02893	9
Lib90_02894	10
Lib90_02896	9
Lib90_02897	10
Lib90_02898	4
Lib90_02899	10
Lib90_02900	4
Lib90_02901	9
Lib90_02902	9
Lib90_02904	6
Lib90_02905	11
Lib90_02906	10
Lib90_02907	3
Lib90_02908	9
Lib90_02909	2
Lib90_02910	10
Lib90_02911	9
Lib90_02912	6
Lib90_02913	4
Lib90_02915	0
Lib90_02916	0
Lib90_02918	10
Lib90_02919	10
Lib90_02920	10
Lib90_02921	0
Lib90_02922	10
Lib90_02923	2
Lib90_02924	0
Lib90_02925	6
Lib90_02926	9
Lib90_02927	6
Lib90_02928	10
Lib90_02929	1
Lib90_02930	10
Lib90_02931	10
Lib90_02932	9
Lib90_02933	4
Lib90_02934	9
Lib90_02935	4
Lib90_02936	9
Lib90_02937	10
Lib90_02938	2
Lib90_02939	4
Lib90_02940	10
Lib90_02941	10
Lib90_02942	2
Lib90_02943	10
Lib90_02944	0
Lib90_02945	9
Lib90_02946	10
Lib90_02947	9
Lib90_02948	10
Lib90_02949	10
Lib90_02950	10
Lib90_02951	11
Lib90_02953	6
Lib90_02954	6
Lib90_02955	10
Lib90_02956	0
Lib90_02957	4
Lib90_02958	10
Lib90_02959	9
Lib90_02960	4
Lib90_02961	4
Lib90_02962	6
Lib90_02964	9
Lib90_02965	12
Lib90_02966	9
Lib90_02967	6
Lib90_02968	9
Lib90_02969	11
Lib90_02970	8
Lib90_02971	10
Lib90_02972	9
Lib90_02973	0
Lib90_02974	6
Lib90_02975	10
Lib90_02976	9
Lib90_02977	10
Lib90_02978	9
Lib90_02979	9
Lib90_02980	10
Lib90_02981	10
Lib90_02982	10
Lib90_02983	10
Lib90_02984	0
Lib90_02985	10
Lib90_02986	9
Lib90_02987	10
Lib90_02988	9
Lib90_02989	1
Lib90_02990	9
Lib90_02991	0
Lib90_02992	9
Lib90_02993	12
Lib90_02994	6
Lib90_02995	0
Lib90_02996	10
Lib90_02997	10
Lib90_02998	4
Lib90_02999	10
Lib90_03000	9
Lib90_03001	10
Lib90_03002	10
Lib90_03003	10
Lib90_03004	10
Lib90_03005	4
Lib90_03006	9
Lib90_03007	10
Lib90_03008	10
Lib90_03009	10
Lib90_03010	9
Lib90_03011	0
Lib90_03012	9
Lib90_03013	10
Lib90_03014	2
Lib90_03015	4
Lib90_03016	4
Lib90_03017	9
Lib90_03018	4
Lib90_03019	9
Lib90_03020	0
Lib90_03021	7
Lib90_03022	5
Lib90_03023	10
Lib90_03024	0
Lib90_03025	9
Lib90_03026	9
Lib90_03027	4
Lib90_03029	4
Lib90_03030	10
Lib90_03031	10
Lib90_03032	10
Lib90_03033	6
Lib90_03034	4
Lib90_03035	9
Lib90_03036	7
Lib90_03037	0
Lib90_03038	9
Lib90_03039	10
Lib90_03040	0
Lib90_03041	10
Lib90_03042	9
Lib90_03043	2
Lib90_03044	10
Lib90_03045	10
Lib90_03046	0
Lib90_03047	6
Lib90_03048	2
Lib90_03049	10
Lib90_03050	6
Lib90_03051	10
Lib90_03052	4
Lib90_03053	9
Lib90_03055	10
Lib90_03056	4
Lib90_03057	10
Lib90_03058	10
Lib90_03059	9
Lib90_03060	4
Lib90_03061	1
Lib90_03062	0
Lib90_03063	10
Lib90_03064	9
Lib90_03065	0
Lib90_03066	0
Lib90_03068	7
Lib90_03069	9
Lib90_03070	10
Lib90_03071	10
Lib90_03073	4
Lib90_03074	10
Lib90_03075	1
Lib90_03076	6
Lib90_03078	7
Lib90_03079	9
Lib90_03080	9
Lib90_03081	6
Lib90_03082	10
Lib90_03083	4
Lib90_03084	2
Lib90_03085	7
Lib90_03086	9
Lib90_03087	4
Lib90_03088	10
Lib90_03089	0
Lib90_03090	0
Lib90_03091	6
Lib90_03092	4
Lib90_03093	9
Lib90_03094	10
Lib90_03095	6
Lib90_03096	10
Lib90_03097	0
Lib90_03098	7
Lib90_03099	6
Lib90_03100	4
Lib90_03101	4
Lib90_03102	10
Lib90_03103	12
Lib90_03104	12
Lib90_03105	10
Lib90_03106	5
Lib90_03107	2
Lib90_03108	4
Lib90_03109	4
Lib90_03110	4
Lib90_03111	9
Lib90_03113	10
Lib90_03114	9
Lib90_03115	10
Lib90_03116	2
Lib90_03117	9
Lib90_03118	10
Lib90_03119	10
Lib90_03120	10
Lib90_03121	4
Lib90_03122	6
Lib90_03123	6
Lib90_03124	6
Lib90_03126	4
Lib90_03127	10
Lib90_03128	6
Lib90_03129	4
Lib90_03130	0
Lib90_03131	4
Lib90_03132	0
Lib90_03133	10
Lib90_03134	10
Lib90_03135	4
Lib90_03136	7
Lib90_03137	6
Lib90_03138	9
Lib90_03139	10
Lib90_03140	9
Lib90_03141	2
Lib90_03142	6
Lib90_03143	6
Lib90_03144	4
Lib90_03146	4
Lib90_03147	4
Lib90_03148	7
Lib90_03149	0
Lib90_03150	6
Lib90_03151	4
Lib90_03152	10
Lib90_03153	4
Lib90_03154	6
Lib90_03155	4
Lib90_03156	10
Lib90_03157	10
Lib90_03158	10
Lib90_03159	8
Lib90_03160	4
Lib90_03161	6
Lib90_03162	10
Lib90_03163	6
Lib90_03165	2
Lib90_03166	8
Lib90_03167	5
Lib90_03168	9
Lib90_03169	10
Lib90_03170	4
Lib90_03171	10
Lib90_03172	4
Lib90_03173	7
Lib90_03174	10
Lib90_03175	10
Lib90_03176	7
Lib90_03177	1
Lib90_03178	0
Lib90_03179	0
Lib90_03180	4
Lib90_03181	10
Lib90_03182	9
Lib90_03183	12
Lib90_03184	4
Lib90_03186	10
Lib90_03187	10
Lib90_03188	4
Lib90_03189	4
Lib90_03190	9
Lib90_03191	9
Lib90_03192	10
Lib90_03193	9
Lib90_03194	9
Lib90_03195	0
Lib90_03196	9
Lib90_03197	2
Lib90_03198	0
Lib90_03199	4
Lib90_03200	9
Lib90_03201	10
Lib90_03202	10
Lib90_03203	5
Lib90_03204	4
Lib90_03205	0
Lib90_03206	6
Lib90_03207	8
Lib90_03208	8
Lib90_03209	10
Lib90_03210	4
Lib90_03211	2
Lib90_03212	10
Lib90_03213	10
Lib90_03214	9
Lib90_03215	7
Lib90_03216	12
Lib90_03217	0
Lib90_03218	4
Lib90_03219	6
Lib90_03220	4
Lib90_03221	4
Lib90_03222	10
Lib90_03223	0
Lib90_03224	6
Lib90_03225	10
Lib90_03226	0
Lib90_03227	0
Lib90_03228	4
Lib90_03229	9
Lib90_03230	10
Lib90_03231	6
Lib90_03232	0
Lib90_03233	10
Lib90_03235	10
Lib90_03236	10
Lib90_03237	2
Lib90_03238	4
Lib90_03239	4
Lib90_03240	12
Lib90_03241	4
Lib90_03242	4
Lib90_03243	7
Lib90_03244	2
Lib90_03245	4
Lib90_03246	4
Lib90_03247	6
Lib90_03248	9
Lib90_03249	0
Lib90_03250	0
Lib90_03251	0
Lib90_03252	6
Lib90_03254	6
Lib90_03255	8
Lib90_03256	10
Lib90_03257	10
Lib90_03258	12
Lib90_03259	6
Lib90_03260	4
Lib90_03261	4
Lib90_03262	12
Lib90_03263	4
Lib90_03264	4
Lib90_03266	10
Lib90_03267	9
Lib90_03268	6
Lib90_03269	9
Lib90_03270	8
Lib90_03271	4
Lib90_03272	12
Lib90_03273	4
Lib90_03274	7
Lib90_03275	10
Lib90_03276	0
Lib90_03277	2
Lib90_03278	1
Lib90_03279	9
Lib90_03280	9
Lib90_03281	10
Lib90_03282	2
Lib90_03283	4
Lib90_03284	4
Lib90_03285	10
Lib90_03286	7
Lib90_03287	11
Lib90_03288	8
Lib90_03289	9
Lib90_03290	6
Lib90_03291	10
Lib90_03292	10
Lib90_03293	4
Lib90_03294	12
Lib90_03295	10
Lib90_03296	6
Lib90_03297	0
Lib90_03298	6
Lib90_03299	2
Lib90_03300	6
Lib90_03301	2
Lib90_03302	10
Lib90_03303	4
Lib90_03304	9
Lib90_03305	10
Lib90_03306	10
Lib90_03307	4
Lib90_03308	0
Lib90_03309	4
Lib90_03310	6
Lib90_03311	8
Lib90_03313	4
Lib90_03314	9
Lib90_03315	12
Lib90_03316	0
Lib90_03317	9
Lib90_03318	10
Lib90_03319	10
Lib90_03320	6
Lib90_03321	9
Lib90_03323	10
Lib90_03325	10
Lib90_03326	6
Lib90_03327	4
Lib90_03328	10
Lib90_03329	7
Lib90_03330	4
Lib90_03331	12
Lib90_03332	5
Lib90_03333	10
Lib90_03334	10
Lib90_03335	10
Lib90_03336	0
Lib90_03337	2
Lib90_03338	7
Lib90_03339	6
Lib90_03340	10
Lib90_03341	7
Lib90_03342	0
Lib90_03343	10
Lib90_03344	10
Lib90_03345	0
Lib90_03346	6
Lib90_03347	1
Lib90_03348	4
Lib90_03349	4
Lib90_03350	0
Lib90_03351	9
Lib90_03352	6
Lib90_03353	7
Lib90_03354	10
Lib90_03355	0
Lib90_03356	6
Lib90_03357	10
Lib90_03358	0
Lib90_03359	4
Lib90_03360	6
Lib90_03361	7
Lib90_03362	9
Lib90_03363	6
Lib90_03364	4
Lib90_03365	4
Lib90_03367	6
Lib90_03368	10
Lib90_03369	9
Lib90_03370	10
Lib90_03371	12
Lib90_03372	7
Lib90_03373	4
Lib90_03374	4
Lib90_03375	0
Lib90_03376	0
Lib90_03377	4
Lib90_03378	10
Lib90_03379	12
Lib90_03380	9
Lib90_03381	8
Lib90_03382	2
Lib90_03383	4
Lib90_03384	9
Lib90_03385	9
Lib90_03386	6
Lib90_03387	4
Lib90_03388	6
Lib90_03389	6
Lib90_03390	9
Lib90_03391	4
Lib90_03392	10
Lib90_03393	6
Lib90_03394	6
Lib90_03395	4
Lib90_03396	10
Lib90_03398	4
Lib90_03399	0
Lib90_03400	4
Lib90_03401	6
Lib90_03402	10
Lib90_03403	7
Lib90_03404	10
Lib90_03405	4
Lib90_03406	6
Lib90_03407	10
Lib90_03408	12
Lib90_03409	6
Lib90_03410	2
Lib90_03412	0
Lib90_03413	8
Lib90_03414	8
Lib90_03415	4
Lib90_03416	6
Lib90_03417	6
Lib90_03419	6
Lib90_03420	10
Lib90_03421	10
Lib90_03422	8
Lib90_03423	12
Lib90_03424	9
Lib90_03425	4
Lib90_03426	1
Lib90_03428	1
Lib90_03429	8
Lib90_03430	6
Lib90_03431	10
Lib90_03432	11
Lib90_03433	10
Lib90_03434	7
Lib90_03435	9
Lib90_03436	12
Lib90_03437	8
Lib90_03438	6
Lib90_03439	4
Lib90_03440	6
Lib90_03441	2
Lib90_03443	6
Lib90_03444	12
Lib90_03445	6
Lib90_03447	10
Lib90_03448	0
Lib90_03449	4
Lib90_03450	4
Lib90_03451	10
Lib90_03452	8
Lib90_03453	8
Lib90_03454	6
Lib90_03455	6
Lib90_03456	0
Lib90_03457	6
Lib90_03458	6
Lib90_03459	4
Lib90_03460	12
Lib90_03462	12
Lib90_03464	12
Lib90_03465	4
Lib90_03466	10
Lib90_03467	4
Lib90_03468	0
Lib90_03469	7
Lib90_03471	0
Lib90_03472	12
Lib90_03473	12
Lib90_03475	9
Lib90_03476	4
Lib90_03477	12
Lib90_03478	2
Lib90_03479	12
Lib90_03480	6
Lib90_03481	4
Lib90_03482	12
Lib90_03483	10
Lib90_03484	10
Lib90_03485	2
Lib90_03486	4
Lib90_03487	0
Lib90_03488	9
Lib90_03489	6
Lib90_03490	4
Lib90_03492	2
Lib90_03493	0
Lib90_03494	10
Lib90_03495	6
Lib90_03496	10
Lib90_03497	12
Lib90_03498	2
Lib90_03499	10
Lib90_03501	6
Lib90_03503	7
Lib90_03504	4
Lib90_03505	0
Lib90_03506	6
Lib90_03507	4
Lib90_03508	8
Lib90_03509	9
Lib90_03511	10
Lib90_03512	4
Lib90_03513	7
Lib90_03514	5
Lib90_03515	4
Lib90_03516	9
Lib90_03517	2
Lib90_03518	12
Lib90_03519	12
Lib90_03520	4
Lib90_03521	12
Lib90_03522	12
Lib90_03523	12
Lib90_03524	4
Lib90_03525	6
Lib90_03526	4
Lib90_03527	12
Lib90_03528	6
Lib90_03530	6
Lib90_03531	6
Lib90_03532	10
Lib90_03533	12
Lib90_03534	6
Lib90_03535	0
Lib90_03536	4
Lib90_03537	12
Lib90_03538	6
Lib90_03539	12
Lib90_03540	4
Lib90_03541	8
Lib90_03542	4
Lib90_03543	12
Lib90_03544	10
Lib90_03545	4
Lib90_03546	12
Lib90_03547	12
Lib90_03548	10
Lib90_03549	10
Lib90_03550	4
Lib90_03551	1
Lib90_03552	6
Lib90_03553	12
Lib90_03554	6
Lib90_03555	4
Lib90_03556	2
Lib90_03557	0
Lib90_03558	9
Lib90_03559	6
Lib90_03560	7
Lib90_03561	8
Lib90_03562	11
Lib90_03563	9
Lib90_03564	8
Lib90_03565	12
Lib90_03566	4
Lib90_03567	6
Lib90_03568	6
Lib90_03569	0
Lib90_03570	6
Lib90_03571	6
Lib90_03572	2
Lib90_03573	6
Lib90_03575	10
Lib90_03576	12
Lib90_03577	4
Lib90_03578	2
Lib90_03580	8
Lib90_03581	4
Lib90_03582	0
Lib90_03583	12
Lib90_03584	4
Lib90_03586	6
Lib90_03587	6
Lib90_03588	12
Lib90_03589	10
Lib90_03590	0
Lib90_03591	12
Lib90_03592	10
Lib90_03593	12
Lib90_03594	12
Lib90_03597	12
Lib90_03598	0
Lib90_03599	11
Lib90_03600	6
Lib90_03601	12
Lib90_03603	10
Lib90_03604	6
Lib90_03607	6
Lib90_03608	12
Lib90_03609	12
Lib90_03610	2
Lib90_03611	12
Lib90_03612	12
Lib90_03613	6
Lib90_03615	12
Lib90_03616	2
Lib90_03617	10
Lib90_03618	6
Lib90_03619	12
Lib90_03620	6
Lib90_03623	0
Lib90_03625	12
Lib90_03626	6
Lib90_03627	4
Lib90_03628	0
Lib90_03629	12
Lib90_03631	12
Lib90_03632	6
Lib90_03634	4
Lib90_03635	12
Lib90_03636	7
Lib90_03637	9
Lib90_03638	7
Lib90_03640	12
Lib90_03641	5
Lib90_03642	1
Lib90_03643	5
Lib90_03644	6
Lib90_03645	4
Lib90_03646	6
Lib90_03647	0
Lib90_03648	0
Lib90_03649	12
Lib90_03650	6
Lib90_03651	12
Lib90_03652	12
Lib90_03653	12
Lib90_03654	4
Lib90_03655	2
Lib90_03656	12
Lib90_03657	12
Lib90_03658	9
Lib90_03659	12
Lib90_03660	12
Lib90_03661	2
Lib90_03662	0
Lib90_03663	9
Lib90_03664	9
Lib90_03665	2
Lib90_03666	12
Lib90_03667	7
Lib90_03670	2
Lib90_03671	8
Lib90_03672	12
Lib90_03673	12
Lib90_03674	8
Lib90_03675	6
Lib90_03676	12
Lib90_03677	10
Lib90_03678	4
Lib90_03679	12
Lib90_03680	0
Lib90_03681	12
Lib90_03682	12
Lib90_03684	8
Lib90_03686	11
Lib90_03687	6
Lib90_03688	8
Lib90_03689	12
Lib90_03691	12
Lib90_03692	9
Lib90_03694	12
Lib90_03695	0
Lib90_03696	4
Lib90_03697	12
Lib90_03698	7
Lib90_03699	12
Lib90_03700	0
Lib90_03701	4
Lib90_03702	12
Lib90_03704	12
Lib90_03707	2
Lib90_03709	12
Lib90_03710	9
Lib90_03711	12
Lib90_03712	4
Lib90_03713	6
Lib90_03714	4
Lib90_03715	7
Lib90_03716	10
Lib90_03717	10
Lib90_03718	12
Lib90_03719	12
Lib90_03720	12
Lib90_03721	12
Lib90_03722	12
Lib90_03723	12
Lib90_03724	10
Lib90_03725	12
Lib90_03726	12
Lib90_03727	12
Lib90_03728	0
Lib90_03729	12
Lib90_03730	4
Lib90_03731	12
Lib90_03732	9
Lib90_03733	8
Lib90_03734	12
Lib90_03736	6
Lib90_03738	11
Lib90_03739	10
Lib90_03740	6
Lib90_03741	12
Lib90_03743	12
Lib90_03744	12
Lib90_03745	6
Lib90_03747	12
Lib90_03748	6
Lib90_03749	0
Lib90_03753	12
Lib90_03756	10
Lib90_03757	12
Lib90_03758	12
Lib90_03759	2
Lib90_03760	4
Lib90_03761	4
Lib90_03762	12
Lib90_03763	0
Lib90_03764	5
Lib90_03765	9
Lib90_03766	0
Lib90_03767	4
Lib90_03769	12
Lib90_03770	10
Lib90_03771	12
Lib90_03772	12
Lib90_03773	4
Lib90_03774	12
Lib90_03775	12
Lib90_03776	6
Lib90_03777	6
Lib90_03778	12
Lib90_03779	12
Lib90_03780	9
Lib90_03781	12
Lib90_03782	12
Lib90_03783	12
Lib90_03784	6
Lib90_03787	12
Lib90_03790	12
Lib90_03792	2
Lib90_03794	12
Lib90_03795	10
Lib90_03796	6
Lib90_03797	12
Lib90_03798	6
Lib90_03799	6
Lib90_03800	12
Lib90_03801	2
Lib90_03802	0
Lib90_03803	9
Lib90_03804	8
Lib90_03806	12
Lib90_03807	6
Lib90_03808	7
Lib90_03809	6
Lib90_03810	12
Lib90_03812	12
Lib90_03813	12
Lib90_03814	2
Lib90_03816	10
Lib90_03817	12
Lib90_03818	12
Lib90_03819	10
Lib90_03820	4
Lib90_03821	12
Lib90_03822	12
Lib90_03823	4
Lib90_03824	12
Lib90_03825	12
Lib90_03826	12
Lib90_03827	12
Lib90_03828	12
Lib90_03829	12
Lib90_03830	6
Lib90_03832	12
Lib90_03833	12
Lib90_03834	4
Lib90_03837	4
Lib90_03838	4
Lib90_03839	12
Lib90_03840	12
Lib90_03841	12
Lib90_03842	12
Lib90_03843	9
Lib90_03844	7
Lib90_03847	0
Lib90_03848	12
Lib90_03850	6
Lib90_03851	4
Lib90_03853	12
Lib90_03856	12
Lib90_03858	2
Lib90_03861	12
Lib90_03862	12
Lib90_03864	12
Lib90_03865	9
Lib90_03868	12
Lib90_03869	12
Lib90_03871	8
Lib90_03872	8
Lib90_03873	2
Lib90_03874	8
Lib90_03875	4
Lib90_03876	1
Lib90_03878	12
Lib90_03880	12
Lib90_03883	9
Lib90_03884	12
Lib90_03885	11
Lib90_03886	12
Lib90_03887	10
Lib90_03889	9
Lib90_03890	12
Lib90_03891	10
Lib90_03892	12
Lib90_03895	4
Lib90_03902	5
Lib90_03903	12
Lib90_03906	9
Lib90_03907	12
Lib90_03909	12
Lib90_03912	2
Lib90_03914	6
Lib90_03915	8
Lib90_03931	5
Lib90_03932	10
Lib90_03934	12
Lib90_03940	10
Lib90_03949	9
Lib90_03957	12
Lib90_03964	4
Lib90_03997	9
